{"cameraMode":{"drawMode":0,"name":"Shaded","section":"Shading Mode"},"sceneLighting":false,"audioPlay":false,"sceneViewState":{"showFog":true,"showMaterialUpdate":false,"showSkybox":true,"showFlares":true,"showImageEffects":true,"showParticleSystems":true},"in2DMode":false,"pivot":{"x":-7.304999828338623,"y":0.5,"z":0.26999998092651369},"rotation":{"x":-0.31848815083503725,"y":0.2127780020236969,"z":-0.07359202206134796,"w":-0.9208013415336609},"size":6.485926151275635,"orthographic":false}