{"cameraMode":{"drawMode":0,"name":"Shaded","section":"Shading Mode"},"sceneLighting":false,"audioPlay":false,"sceneViewState":{"showFog":true,"showMaterialUpdate":false,"showSkybox":true,"showFlares":true,"showImageEffects":true,"showParticleSystems":true},"in2DMode":false,"pivot":{"x":-8.056111335754395,"y":1.1661038398742676,"z":-1.1740351915359498},"rotation":{"x":0.29791024327278139,"y":-0.34439337253570559,"z":0.11623438447713852,"w":0.8826847076416016},"size":8.20382308959961,"orthographic":false}